{"cameraMode":{"drawMode":0,"name":"Shaded","section":"Shading Mode"},"sceneLighting":false,"audioPlay":false,"sceneViewState":{"m_AlwaysRefresh":false,"showFog":true,"showSkybox":false,"showFlares":true,"showImageEffects":true,"showParticleSystems":true,"showVisualEffectGraphs":true,"m_FxEnabled":true},"in2DMode":false,"pivot":{"x":0.33500000834465029,"y":0.07291951030492783,"z":0.3160000145435333},"rotation":{"x":-0.12105397880077362,"y":-0.3124810755252838,"z":0.03995702788233757,"w":-0.9414528012275696},"size":0.07578524202108383,"orthographic":false}